NUTS,geo,full_name
0,EL,Greece
0,ES,Spain
0,FI,Finland
0,FR,France
0,HR,Croatia
0,HU,Hungary
0,IE,Ireland
0,IS,Iceland
0,AL,Albania
0,AT,Austria
0,BA,Bosnia and Herzegovina
0,BE,Belgium
0,BG,Bulgaria
0,CH,Switzerland
0,CY,Cyprus
0,CZ,Czechia
0,DE,Germany
0,DK,Denmark
0,EE,Estonia
0,IT,Italy
0,LI,Liechtenstein
0,LT,Lithuania
0,LU,Luxembourg
0,LV,Latvia
0,ME,Montenegro
0,MK,North Macedonia
0,MT,Malta
0,NL,Netherlands
0,NO,Norway
0,PL,Poland
0,PT,Portugal
0,RO,Romania
0,RS,Serbia
0,SE,Sweden
0,SI,Slovenia
0,SK,Slovakia
0,TR,Türkiye
0,UA,Ukraine
0,XK,Kosovo*
1,DEA,Nordrhein-Westfalen
1,DEB,Rheinland-Pfalz
1,DEC,Saarland
1,DED,Sachsen
1,DEE,Sachsen-Anhalt
1,DEF,Schleswig-Holstein
1,DEG,Thüringen
1,DK0,Danmark
1,EE0,Eesti
1,EL3,Attiki
1,EL4,"Nisia Aigaiou, Kriti"
1,EL5,Voreia Elláda
1,EL6,Kentriki Elláda
1,ES1,Noroeste
1,ES2,Noreste
1,ES3,Comunidad de Madrid
1,ES4,Centro (ES)
1,ES5,Este
1,ES6,Sur
1,ES7,Canarias
1,FI1,Manner-Suomi
1,AL0,Shqipëria
1,AT1,Ostösterreich
1,AT2,Südösterreich
1,AT3,Westösterreich
1,BA0,Bosna i Hercegovina
1,BE1,Région de Bruxelles-Capitale/Brussels Hoofdstedelijk Gewest
1,BE2,Vlaams Gewest
1,BE3,Région wallonne
1,BG3,Severna i Yugoiztochna Bulgaria
1,BG4,Yugozapadna i Yuzhna tsentralna Bulgaria
1,CH0,Schweiz/Suisse/Svizzera
1,CY0,Kýpros
1,CZ0,Česko
1,DE1,Baden-Württemberg
1,DE2,Bayern
1,DE3,Berlin
1,DE4,Brandenburg
1,DE5,Bremen
1,DE6,Hamburg
1,DE7,Hessen
1,DE8,Mecklenburg-Vorpommern
1,DE9,Niedersachsen
1,HR0,Hrvatska
1,HU1,Közép-Magyarország
1,HU2,Dunántúl
1,HU3,Alföld és Észak
1,IE0,Ireland
1,IS0,Ísland
1,ITC,Nord-Ovest
1,ITF,Sud
1,ITG,Isole
1,ITH,Nord-Est
1,ITI,Centro (IT)
1,LI0,Liechtenstein
1,XK0,Kosovë/Kosovo
1,LT0,Lietuva
1,LU0,Luxembourg
1,LV0,Latvija
1,ME0,Crna Gora
1,MK0,Severna Makedonija
1,MT0,Malta
1,NL1,Noord-Nederland
1,NL2,Oost-Nederland
1,NL3,West-Nederland
1,NL4,Zuid-Nederland
1,NO0,Norge
1,PL2,Makroregion południowy
1,PL4,Makroregion północno-zachodni
1,PL5,Makroregion południowo-zachodni
1,PL6,Makroregion północny
1,PL7,Makroregion centralny
1,PL8,Makroregion wschodni
1,PL9,Makroregion województwo mazowieckie
1,PT1,Continente
1,PT2,Região Autónoma dos Açores
1,PT3,Região Autónoma da Madeira
1,RO1,Macroregiunea Unu
1,RO2,Macroregiunea Doi
1,RO3,Macroregiunea Trei
1,RO4,Macroregiunea Patru
1,RS1,Srbija - sever
1,RS2,Srbija - jug
1,SE1,Östra Sverige
1,SE2,Södra Sverige
1,SE3,Norra Sverige
1,SI0,Slovenija
1,SK0,Slovensko
1,TR1,İstanbul
1,TR2,Batı Marmara
1,TR3,Ege
1,TR4,Doğu Marmara
1,TR5,Batı Anadolu
1,TR6,Akdeniz
1,TR7,Orta Anadolu
1,TR8,Batı Karadeniz
1,TR9,Doğu Karadeniz
1,TRA,Kuzeydoğu Anadolu
1,TRB,Ortadoğu Anadolu
1,TRC,Güneydoğu Anadolu
1,FI2,Åland
1,FR1,Ile de France
1,FRB,Centre — Val de Loire
1,FRC,Bourgogne-Franche-Comté
1,FRD,Normandie
1,FRE,Hauts-de-France
1,FRF,Grand Est
1,FRG,Pays de la Loire
1,FRH,Bretagne
1,FRI,Nouvelle-Aquitaine
1,FRJ,Occitanie
1,FRK,Auvergne-Rhône-Alpes
1,FRL,Provence-Alpes-Côte d’Azur
1,FRM,Corse
1,FRY,RUP FR — Régions Ultrapériphériques Françaises
2,DE12,Karlsruhe
2,DE13,Freiburg
2,DE14,Tübingen
2,DE21,Oberbayern
2,DE22,Niederbayern
2,DE23,Oberpfalz
2,DE24,Oberfranken
2,DE25,Mittelfranken
2,DE26,Unterfranken
2,DE27,Schwaben
2,DE30,Berlin
2,DE40,Brandenburg
2,DE50,Bremen
2,DE60,Hamburg
2,DE71,Darmstadt
2,DE72,Gießen
2,DE73,Kassel
2,DE80,Mecklenburg-Vorpommern
2,DE91,Braunschweig
2,DE92,Hannover
2,DE93,Lüneburg
2,DE94,Weser-Ems
2,DEA1,Düsseldorf
2,DEA2,Köln
2,DEA3,Münster
2,DEA4,Detmold
2,DEA5,Arnsberg
2,DEB1,Koblenz
2,DEB2,Trier
2,DEB3,Rheinhessen-Pfalz
2,DEC0,Saarland
2,DED2,Dresden
2,DED4,Chemnitz
2,DED5,Leipzig
2,DEE0,Sachsen-Anhalt
2,DEF0,Schleswig-Holstein
2,DEG0,Thüringen
2,DK01,Hovedstaden
2,AL01,Veri
2,AL02,Qender
2,AL03,Jug
2,AT11,Burgenland
2,AT12,Niederösterreich
2,AT13,Wien
2,AT21,Kärnten
2,AT22,Steiermark
2,AT31,Oberösterreich
2,AT32,Salzburg
2,AT33,Tirol
2,AT34,Vorarlberg
2,BA01,Federacija Bosne i Hercegovine
2,BA02,Republika Srpska
2,BA03,Brčko District BiH
2,BE10,Région de Bruxelles-Capitale/Brussels Hoofdstedelijk Gewest
2,BE21,Prov. Antwerpen
2,BE22,Prov. Limburg (BE)
2,BE23,Prov. Oost-Vlaanderen
2,BE24,Prov. Vlaams-Brabant
2,BE25,Prov. West-Vlaanderen
2,BE31,Prov. Brabant wallon
2,BE32,Prov. Hainaut
2,BE33,Prov. Liège
2,BE34,Prov. Luxembourg (BE)
2,BE35,Prov. Namur
2,BG31,Severozapaden
2,BG32,Severen tsentralen
2,BG33,Severoiztochen
2,BG34,Yugoiztochen
2,BG41,Yugozapaden
2,BG42,Yuzhen tsentralen
2,CH01,Région lémanique
2,CH02,Espace Mittelland
2,CH03,Nordwestschweiz
2,CH04,Zürich
2,CH05,Ostschweiz
2,CH06,Zentralschweiz
2,CH07,Ticino
2,CY00,Kýpros
2,CZ01,Praha
2,CZ02,Střední Čechy
2,CZ03,Jihozápad
2,CZ04,Severozápad
2,CZ05,Severovýchod
2,CZ06,Jihovýchod
2,CZ07,Střední Morava
2,CZ08,Moravskoslezsko
2,DE11,Stuttgart
2,MK00,Severna Makedonija
2,MT00,Malta
2,NL11,Groningen
2,NL12,Friesland (NL)
2,NL13,Drenthe
2,NL21,Overijssel
2,NL22,Gelderland
2,NL23,Flevoland
2,NL32,Noord-Holland
2,NL34,Zeeland
2,NL35,Utrecht
2,NL36,Zuid-Holland
2,NL41,Noord-Brabant
2,NL42,Limburg (NL)
2,NO02,Innlandet
2,NO06,Trøndelag
2,NO07,Nord-Norge
2,NO08,Oslo og Viken
2,NO09,Agder og Sør-Østlandet
2,NO0A,Vestlandet
2,NO0B,Svalbard og Jan Mayen
2,PL21,Małopolskie
2,PL22,Śląskie
2,PL41,Wielkopolskie
2,PL42,Zachodniopomorskie
2,PL43,Lubuskie
2,PL51,Dolnośląskie
2,PL52,Opolskie
2,PL61,Kujawsko-pomorskie
2,PL62,Warmińsko-mazurskie
2,PL63,Pomorskie
2,PL71,Łódzkie
2,PL72,Świętokrzyskie
2,PL81,Lubelskie
2,PL82,Podkarpackie
2,PL84,Podlaskie
2,PL91,Warszawski stołeczny
2,PL92,Mazowiecki regionalny
2,PT11,Norte
2,PT15,Algarve
2,PT19,Centro (PT)
2,PT1A,Grande Lisboa
2,PT1B,Península de Setúbal
2,PT1C,Alentejo
2,DK02,Sjælland
2,DK03,Syddanmark
2,DK04,Midtjylland
2,DK05,Nordjylland
2,EE00,Eesti
2,EL30,Attiki
2,EL41,Voreio Aigaio
2,EL42,Notio Aigaio
2,EL43,Kriti
2,EL51,"Anatoliki Makedonia, Thraki"
2,EL52,Kentriki Makedonia
2,EL53,Dytiki Makedonia
2,EL54,Ipeiros
2,EL61,Thessalia
2,EL62,Ionia Nisia
2,EL63,Dytiki Elláda
2,EL64,Sterea Elláda
2,EL65,Peloponnisos
2,ES11,Galicia
2,ES12,Principado de Asturias
2,ES13,Cantabria
2,ES21,País Vasco
2,ES22,Comunidad Foral de Navarra
2,ES23,La Rioja
2,ES24,Aragón
2,ES30,Comunidad de Madrid
2,ES41,Castilla y León
2,ES42,Castilla-La Mancha
2,ES43,Extremadura
2,ES51,Cataluña
2,ES52,Comunitat Valenciana
2,ES53,Illes Balears
2,ES61,Andalucía
2,ES62,Región de Murcia
2,ES63,Ciudad de Ceuta
2,ES64,Ciudad de Melilla
2,ES70,Canarias
2,FI19,Länsi-Suomi
2,FI1B,Helsinki-Uusimaa
2,FI1C,Etelä-Suomi
2,FI1D,Pohjois- ja Itä-Suomi
2,FI20,Åland
2,FR10,Ile de France
2,FRB0,Centre — Val de Loire
2,FRC1,Bourgogne
2,FRC2,Franche-Comté
2,FRD1,Basse-Normandie
2,FRD2,Haute-Normandie
2,FRE1,Nord-Pas de Calais
2,FRE2,Picardie
2,FRF1,Alsace
2,FRF2,Champagne-Ardenne
2,FRF3,Lorraine
2,FRG0,Pays de la Loire
2,FRH0,Bretagne
2,FRI1,Aquitaine
2,FRI2,Limousin
2,FRI3,Poitou-Charentes
2,FRJ1,Languedoc-Roussillon
2,FRJ2,Midi-Pyrénées
2,FRK1,Auvergne
2,FRK2,Rhône-Alpes
2,FRL0,Provence-Alpes-Côte d’Azur
2,FRM0,Corse
2,FRY1,Guadeloupe
2,FRY2,Martinique
2,FRY3,Guyane
2,FRY4,La Réunion
2,FRY5,Mayotte
2,HR02,Panonska Hrvatska
2,HR03,Jadranska Hrvatska
2,HR05,Grad Zagreb
2,HR06,Sjeverna Hrvatska
2,HU11,Budapest
2,HU12,Pest
2,HU21,Közép-Dunántúl
2,HU22,Nyugat-Dunántúl
2,HU23,Dél-Dunántúl
2,HU31,Észak-Magyarország
2,HU32,Észak-Alföld
2,HU33,Dél-Alföld
2,IE04,Northern and Western
2,IE05,Southern
2,IE06,Eastern and Midland
2,IS00,Ísland
2,ITC1,Piemonte
2,ITC2,Valle d’Aosta/Vallée d’Aoste
2,ITC3,Liguria
2,ITC4,Lombardia
2,ITF1,Abruzzo
2,ITF2,Molise
2,ITF3,Campania
2,ITF4,Puglia
2,ITF5,Basilicata
2,ITF6,Calabria
2,ITG1,Sicilia
2,ITG2,Sardegna
2,ITH1,Provincia Autonoma di Bolzano/Bozen
2,ITH2,Provincia Autonoma di Trento
2,ITH3,Veneto
2,ITH4,Friuli-Venezia Giulia
2,ITH5,Emilia-Romagna
2,ITI1,Toscana
2,ITI2,Umbria
2,ITI3,Marche
2,ITI4,Lazio
2,LI00,Liechtenstein
2,LT01,Sostinės regionas
2,LT02,Vidurio ir vakarų Lietuvos regionas
2,LU00,Luxembourg
2,LV00,Latvija
2,ME00,Crna Gora
2,SE33,Övre Norrland
2,SI03,Vzhodna Slovenija
2,SI04,Zahodna Slovenija
2,SK01,Bratislavský kraj
2,SK02,Západné Slovensko
2,SK03,Stredné Slovensko
2,SK04,Východné Slovensko
2,TR10,İstanbul
2,TR21,"Tekirdağ, Edirne, Kırklareli"
2,TR22,"Balıkesir, Çanakkale"
2,TR31,İzmir
2,TR32,"Aydın, Denizli, Muğla"
2,TR33,"Manisa, Afyonkarahisar, Kütahya, Uşak"
2,TR41,"Bursa, Eskişehir, Bilecik"
2,TR42,"Kocaeli, Sakarya, Düzce, Bolu, Yalova"
2,TR51,Ankara
2,TR52,"Konya, Karaman"
2,TR61,"Antalya, Isparta, Burdur"
2,TR62,"Adana, Mersin"
2,TR63,"Hatay, Kahramanmaraş, Osmaniye"
2,TR71,"Kırıkkale, Aksaray, Niğde, Nevşehir, Kırşehir"
2,TR72,"Kayseri, Sivas, Yozgat"
2,TR81,"Zonguldak, Karabük, Bartın"
2,TR82,"Kastamonu, Çankırı, Sinop"
2,TR83,"Samsun, Tokat, Çorum, Amasya"
2,TR90,"Trabzon, Ordu, Giresun, Rize, Artvin, Gümüşhane"
2,TRA1,"Erzurum, Erzincan, Bayburt"
2,TRA2,"Ağrı, Kars, Iğdır, Ardahan"
2,TRB1,"Malatya, Elazığ, Bingöl, Tunceli"
2,TRB2,"Van, Muş, Bitlis, Hakkari"
2,TRC1,"Gaziantep, Adıyaman, Kilis"
2,TRC2,"Şanlıurfa, Diyarbakır"
2,TRC3,"Mardin, Batman, Şırnak, Siirt"
2,XK00,Kosovë/Kosovo
2,PT1D,Oeste e Vale do Tejo
2,PT20,Região Autónoma dos Açores
2,PT30,Região Autónoma da Madeira
2,RO11,Nord-Vest
2,RO12,Centru
2,RO21,Nord-Est
2,RO22,Sud-Est
2,RO31,Sud-Muntenia
2,RO32,Bucureşti-Ilfov
2,RO41,Sud-Vest Oltenia
2,RO42,Vest
2,RS11,Beogradski region
2,RS12,Region Vojvodine
2,RS21,Region Sumadije i Zapadne Srbije
2,RS22,Region Juzne i Istocne Srbije
2,SE11,Stockholm
2,SE12,Östra Mellansverige
2,SE21,Småland med öarna
2,SE22,Sydsverige
2,SE23,Västsverige
2,SE31,Norra Mellansverige
2,SE32,Mellersta Norrland
3,AT333,Osttirol
3,AT334,Tiroler Oberland
3,AT335,Tiroler Unterland
3,AT341,Bludenz-Bregenzer Wald
3,AT342,Rheintal-Bodenseegebiet
3,BE100,Arr. de Bruxelles-Capitale/Arr. Brussel-Hoofdstad
3,BE211,Arr. Antwerpen
3,BE212,Arr. Mechelen
3,BE213,Arr. Turnhout
3,BE223,Arr. Tongeren
3,BE224,Arr. Hasselt
3,BE225,Arr. Maaseik
3,BE231,Arr. Aalst
3,BE232,Arr. Dendermonde
3,BE233,Arr. Eeklo
3,BE234,Arr. Gent
3,BE235,Arr. Oudenaarde
3,BE236,Arr. Sint-Niklaas
3,BE241,Arr. Halle-Vilvoorde
3,BE242,Arr. Leuven
3,BE251,Arr. Brugge
3,BE252,Arr. Diksmuide
3,BE253,Arr. Ieper
3,BE254,Arr. Kortrijk
3,BE255,Arr. Oostende
3,BE256,Arr. Roeselare
3,BE257,Arr. Tielt
3,BE258,Arr. Veurne
3,BE310,Arr. Nivelles
3,BE323,Arr. Mons
3,BE328,Arr. Tournai-Mouscron
3,BE329,Arr. La Louvière
3,BE32A,Arr. Ath
3,BE32B,Arr. Charleroi
3,BE32C,Arr. Soignies
3,BE32D,Arr. Thuin
3,BE331,Arr. Huy
3,BE332,Arr. Liège
3,BE334,Arr. Waremme
3,BE335,Arr. Verviers — communes francophones
3,BE336,Bezirk Verviers — Deutschsprachige Gemeinschaft
3,BE341,Arr. Arlon
3,BE342,Arr. Bastogne
3,BE343,Arr. Marche-en-Famenne
3,BE344,Arr. Neufchâteau
3,BE345,Arr. Virton
3,BE351,Arr. Dinant
3,BE352,Arr. Namur
3,BE353,Arr. Philippeville
3,BG311,Vidin
3,BG312,Montana
3,BG313,Vratsa
3,BG314,Pleven
3,BG315,Lovech
3,BG321,Veliko Tarnovo
3,BG322,Gabrovo
3,BG323,Ruse
3,BG324,Razgrad
3,BG325,Silistra
3,BG331,Varna
3,BG332,Dobrich
3,BG333,Shumen
3,BG334,Targovishte
3,BG341,Burgas
3,BG342,Sliven
3,BG343,Yambol
3,BG344,Stara Zagora
3,BG411,Sofia (stolitsa)
3,BG412,Sofia
3,BG413,Blagoevgrad
3,BG414,Pernik
3,BG415,Kyustendil
3,BG421,Plovdiv
3,BG422,Haskovo
3,BG423,Pazardzhik
3,BG424,Smolyan
3,BG425,Kardzhali
3,CH011,Vaud
3,CH012,Valais / Wallis
3,CH013,Genève
3,CH021,Bern / Berne
3,CH022,Fribourg / Freiburg
3,CH023,Solothurn
3,CH024,Neuchâtel
3,CH025,Jura
3,CH031,Basel-Stadt
3,CH032,Basel-Landschaft
3,CH033,Aargau
3,CH040,Zürich
3,CH051,Glarus
3,CH052,Schaffhausen
3,CH053,Appenzell Ausserrhoden
3,CH054,Appenzell Innerrhoden
3,CH055,St. Gallen
3,CH056,Graubünden / Grigioni / Grischun
3,CH057,Thurgau
3,CH061,Luzern
3,CH062,Uri
3,CH063,Schwyz
3,CH064,Obwalden
3,CH065,Nidwalden
3,CH066,Zug
3,CH070,Ticino
3,CY000,Kýpros
3,CZ010,Hlavní město Praha
3,CZ020,Středočeský kraj
3,CZ031,Jihočeský kraj
3,CZ032,Plzeňský kraj
3,CZ041,Karlovarský kraj
3,CZ042,Ústecký kraj
3,CZ051,Liberecký kraj
3,CZ052,Královéhradecký kraj
3,CZ053,Pardubický kraj
3,CZ063,Kraj Vysočina
3,CZ064,Jihomoravský kraj
3,CZ071,Olomoucký kraj
3,CZ072,Zlínský kraj
3,CZ080,Moravskoslezský kraj
3,DE111,"Stuttgart, Stadtkreis"
3,DE112,Böblingen
3,DE113,Esslingen
3,DE114,Göppingen
3,DE115,Ludwigsburg
3,DE116,Rems-Murr-Kreis
3,DE117,"Heilbronn, Stadtkreis"
3,DE118,"Heilbronn, Landkreis"
3,DE119,Hohenlohekreis
3,DE11A,Schwäbisch Hall
3,DE11B,Main-Tauber-Kreis
3,DE11C,Heidenheim
3,DE11D,Ostalbkreis
3,DE121,"Baden-Baden, Stadtkreis"
3,DE122,"Karlsruhe, Stadtkreis"
3,DE123,"Karlsruhe, Landkreis"
3,DE124,Rastatt
3,DE125,"Heidelberg, Stadtkreis"
3,DE126,"Mannheim, Stadtkreis"
3,DE127,Neckar-Odenwald-Kreis
3,DE128,Rhein-Neckar-Kreis
3,DE129,"Pforzheim, Stadtkreis"
3,DE12A,Calw
3,DE12B,Enzkreis
3,DE12C,Freudenstadt
3,DE131,"Freiburg im Breisgau, Stadtkreis"
3,DE132,Breisgau-Hochschwarzwald
3,DE133,Emmendingen
3,DE134,Ortenaukreis
3,DE135,Rottweil
3,DE136,Schwarzwald-Baar-Kreis
3,DE137,Tuttlingen
3,DE138,Konstanz
3,DE139,Lörrach
3,DE13A,Waldshut
3,DE141,Reutlingen
3,DE142,"Tübingen, Landkreis"
3,DE143,Zollernalbkreis
3,DE144,"Ulm, Stadtkreis"
3,DE145,Alb-Donau-Kreis
3,DE146,Biberach
3,DE147,Bodenseekreis
3,DE148,Ravensburg
3,DE149,Sigmaringen
3,DE211,"Ingolstadt, Kreisfreie Stadt"
3,DE212,"München, Kreisfreie Stadt"
3,AL011,Dibër
3,AL012,Durrës
3,AL013,Kukës
3,AL014,Lezhë
3,AL015,Shkodër
3,AL021,Elbasan
3,AL022,Tiranë
3,AL031,Berat
3,AL032,Fier
3,AL033,Gjirokastër
3,AL034,Korçë
3,AL035,Vlorë
3,AT111,Mittelburgenland
3,AT112,Nordburgenland
3,AT113,Südburgenland
3,AT121,Mostviertel-Eisenwurzen
3,AT122,Niederösterreich-Süd
3,AT123,Sankt Pölten
3,AT124,Waldviertel
3,AT125,Weinviertel
3,AT126,Wiener Umland/Nordteil
3,AT127,Wiener Umland/Südteil
3,AT130,Wien
3,AT211,Klagenfurt-Villach
3,AT212,Oberkärnten
3,AT213,Unterkärnten
3,AT221,Graz
3,AT222,Liezen
3,AT223,Östliche Obersteiermark
3,AT224,Oststeiermark
3,AT225,West- und Südsteiermark
3,AT226,Westliche Obersteiermark
3,AT311,Innviertel
3,AT312,Linz-Wels
3,AT313,Mühlviertel
3,AT314,Steyr-Kirchdorf
3,AT315,Traunviertel
3,AT321,Lungau
3,AT322,Pinzgau-Pongau
3,AT323,Salzburg und Umgebung
3,AT331,Außerfern
3,AT332,Innsbruck
3,DE238,"Regensburg, Landkreis"
3,DE239,Schwandorf
3,DE23A,Tirschenreuth
3,DE241,"Bamberg, Kreisfreie Stadt"
3,DE242,"Bayreuth, Kreisfreie Stadt"
3,DE243,"Coburg, Kreisfreie Stadt"
3,DE244,"Hof, Kreisfreie Stadt"
3,DE245,"Bamberg, Landkreis"
3,DE246,"Bayreuth, Landkreis"
3,DE247,"Coburg, Landkreis"
3,DE248,Forchheim
3,DE249,"Hof, Landkreis"
3,DE24A,Kronach
3,DE24B,Kulmbach
3,DE24C,Lichtenfels
3,DE24D,Wunsiedel i. Fichtelgebirge
3,DE251,"Ansbach, Kreisfreie Stadt"
3,DE252,"Erlangen, Kreisfreie Stadt"
3,DE253,"Fürth, Kreisfreie Stadt"
3,DE254,"Nürnberg, Kreisfreie Stadt"
3,DE255,"Schwabach, Kreisfreie Stadt"
3,DE256,"Ansbach, Landkreis"
3,DE257,Erlangen-Höchstadt
3,DE258,"Fürth, Landkreis"
3,DE259,Nürnberger Land
3,DE25A,Neustadt a. d. Aisch-Bad Windsheim
3,DE25B,Roth
3,DE25C,Weißenburg-Gunzenhausen
3,DE261,"Aschaffenburg, Kreisfreie Stadt"
3,DE262,"Schweinfurt, Kreisfreie Stadt"
3,DE263,"Würzburg, Kreisfreie Stadt"
3,DE264,"Aschaffenburg, Landkreis"
3,DE265,Bad Kissingen
3,DE266,Rhön-Grabfeld
3,DE267,Haßberge
3,DE268,Kitzingen
3,DE269,Miltenberg
3,DE26A,Main-Spessart
3,DE26B,"Schweinfurt, Landkreis"
3,DEA5C,Unna
3,DEB11,"Koblenz, Kreisfreie Stadt"
3,DEB12,Ahrweiler
3,DEB13,Altenkirchen (Westerwald)
3,DEB14,Bad Kreuznach
3,DEB15,Birkenfeld
3,DEB17,Mayen-Koblenz
3,DEB18,Neuwied
3,DEB1A,Rhein-Lahn-Kreis
3,DEB1B,Westerwaldkreis
3,DEB1C,Cochem-Zell
3,DEB1D,Rhein-Hunsrück-Kreis
3,DEB21,"Trier, Kreisfreie Stadt"
3,DEB22,Bernkastel-Wittlich
3,DEB23,Eifelkreis Bitburg-Prüm
3,DEB24,Vulkaneifel
3,DEB25,Trier-Saarburg
3,DEB31,"Frankenthal (Pfalz), Kreisfreie Stadt"
3,DEB32,"Kaiserslautern, Kreisfreie Stadt"
3,DEB33,"Landau in der Pfalz, Kreisfreie Stadt"
3,DEB34,"Ludwigshafen am Rhein, Kreisfreie Stadt"
3,DEB35,"Mainz, Kreisfreie Stadt"
3,DEB36,"Neustadt an der Weinstraße, Kreisfreie Stadt"
3,DEB37,"Pirmasens, Kreisfreie Stadt"
3,DEB38,"Speyer, Kreisfreie Stadt"
3,DEB39,"Worms, Kreisfreie Stadt"
3,DEB3A,"Zweibrücken, Kreisfreie Stadt"
3,DEB3B,Alzey-Worms
3,DEB3C,Bad Dürkheim
3,DEB3D,Donnersbergkreis
3,DEB3E,Germersheim
3,DEB3F,"Kaiserslautern, Landkreis"
3,DEB3G,Kusel
3,DEB3H,Südliche Weinstraße
3,DEB3I,Rhein-Pfalz-Kreis
3,DEB3J,Mainz-Bingen
3,DEB3K,Südwestpfalz
3,DEC01,Regionalverband Saarbrücken
3,DEC02,Merzig-Wadern
3,DEC03,Neunkirchen
3,DEC04,Saarlouis
3,DEC05,Saarpfalz-Kreis
3,DEC06,St. Wendel
3,DED21,"Dresden, Kreisfreie Stadt"
3,DED2C,Bautzen
3,DED2D,Görlitz
3,DED2E,Meißen
3,DED2F,Sächsische Schweiz-Osterzgebirge
3,DED41,"Chemnitz, Kreisfreie Stadt"
3,DED42,Erzgebirgskreis
3,DED43,Mittelsachsen
3,DED44,Vogtlandkreis
3,DED45,Zwickau
3,DED51,"Leipzig, Kreisfreie Stadt"
3,DED52,Leipzig
3,DED53,Nordsachsen
3,DEE01,"Dessau-Roßlau, Kreisfreie Stadt"
3,DEE02,"Halle (Saale), Kreisfreie Stadt"
3,DEE03,"Magdeburg, Kreisfreie Stadt"
3,DEE04,Altmarkkreis Salzwedel
3,DEE05,Anhalt-Bitterfeld
3,DEE06,Jerichower Land
3,DEE07,Börde
3,DEE08,Burgenlandkreis
3,DEE09,Harz
3,DEE0A,Mansfeld-Südharz
3,DEE0B,Saalekreis
3,DEE0C,Salzlandkreis
3,DEE0D,Stendal
3,DEE0E,Wittenberg
3,DEF01,"Flensburg, Kreisfreie Stadt"
3,DEF02,"Kiel, Kreisfreie Stadt"
3,DEF03,"Lübeck, Kreisfreie Stadt"
3,DEF04,"Neumünster, Kreisfreie Stadt"
3,DEF05,Dithmarschen
3,DEF06,Herzogtum Lauenburg
3,DEF07,Nordfriesland
3,DEF08,Ostholstein
3,DEF09,Pinneberg
3,DEF0A,Plön
3,DEF0B,Rendsburg-Eckernförde
3,DEF0C,Schleswig-Flensburg
3,DEF0D,Segeberg
3,DEF0E,Steinburg
3,DEF0F,Stormarn
3,DEG01,"Erfurt, Kreisfreie Stadt"
3,DEG02,"Gera, Kreisfreie Stadt"
3,DE26C,"Würzburg, Landkreis"
3,DE271,"Augsburg, Kreisfreie Stadt"
3,DE272,"Kaufbeuren, Kreisfreie Stadt"
3,DE273,"Kempten (Allgäu), Kreisfreie Stadt"
3,DE274,"Memmingen, Kreisfreie Stadt"
3,DE275,Aichach-Friedberg
3,DE276,"Augsburg, Landkreis"
3,DE277,Dillingen a.d. Donau
3,DE278,Günzburg
3,DE279,Neu-Ulm
3,DE27A,Lindau (Bodensee)
3,DE27B,Ostallgäu
3,DE27C,Unterallgäu
3,DE27D,Donau-Ries
3,DE27E,Oberallgäu
3,DE300,Berlin
3,DE401,"Brandenburg an der Havel, Kreisfreie Stadt"
3,DE402,"Cottbus, Kreisfreie Stadt"
3,DE403,"Frankfurt (Oder), Kreisfreie Stadt"
3,DE404,"Potsdam, Kreisfreie Stadt"
3,DE405,Barnim
3,DE406,Dahme-Spreewald
3,DE407,Elbe-Elster
3,DE408,Havelland
3,DE409,Märkisch-Oderland
3,DE40A,Oberhavel
3,DE40B,Oberspreewald-Lausitz
3,DE40C,Oder-Spree
3,DE40D,Ostprignitz-Ruppin
3,DE40E,Potsdam-Mittelmark
3,DE40F,Prignitz
3,DE40G,Spree-Neiße
3,DE40H,Teltow-Fläming
3,DE40I,Uckermark
3,DE501,"Bremen, Kreisfreie Stadt"
3,DE502,"Bremerhaven, Kreisfreie Stadt"
3,DE600,Hamburg
3,DE711,"Darmstadt, Kreisfreie Stadt"
3,DE712,"Frankfurt am Main, Kreisfreie Stadt"
3,DE713,"Offenbach am Main, Kreisfreie Stadt"
3,DE714,"Wiesbaden, Kreisfreie Stadt"
3,DE715,Bergstraße
3,DE716,Darmstadt-Dieburg
3,DE717,Groß-Gerau
3,DE718,Hochtaunuskreis
3,DE719,Main-Kinzig-Kreis
3,DE71A,Main-Taunus-Kreis
3,DE71B,Odenwaldkreis
3,DE71C,"Offenbach, Landkreis"
3,DE71D,Rheingau-Taunus-Kreis
3,DE71E,Wetteraukreis
3,DE721,"Gießen, Landkreis"
3,DE722,Lahn-Dill-Kreis
3,DE723,Limburg-Weilburg
3,DE724,Marburg-Biedenkopf
3,DE725,Vogelsbergkreis
3,DE731,"Kassel, Kreisfreie Stadt"
3,DE732,Fulda
3,DE733,Hersfeld-Rotenburg
3,DE734,"Kassel, Landkreis"
3,DE735,Schwalm-Eder-Kreis
3,DE736,Waldeck-Frankenberg
3,DE737,Werra-Meißner-Kreis
3,DE803,"Rostock, Kreisfreie Stadt"
3,DE804,"Schwerin, Kreisfreie Stadt"
3,DE80J,Mecklenburgische Seenplatte
3,DE80K,Landkreis Rostock
3,DE80L,Vorpommern-Rügen
3,DE80M,Nordwestmecklenburg
3,DE80N,Vorpommern-Greifswald
3,DE80O,Ludwigslust-Parchim
3,DE911,"Braunschweig, Kreisfreie Stadt"
3,DE912,"Salzgitter, Kreisfreie Stadt"
3,DE913,"Wolfsburg, Kreisfreie Stadt"
3,DE914,Gifhorn
3,DE916,Goslar
3,DE917,Helmstedt
3,DE918,Northeim
3,DE91A,Peine
3,DE91B,Wolfenbüttel
3,DE91C,Göttingen
3,DE922,Diepholz
3,DE923,Hameln-Pyrmont
3,DE925,Hildesheim
3,DE926,Holzminden
3,DE927,Nienburg (Weser)
3,DE928,Schaumburg
3,DE929,Region Hannover
3,DE931,Celle
3,DE932,Cuxhaven
3,DE933,Harburg
3,DE934,Lüchow-Dannenberg
3,DE935,"Lüneburg, Landkreis"
3,DE936,Osterholz
3,DE937,Rotenburg (Wümme)
3,DE938,Heidekreis
3,DE939,Stade
3,DE93A,Uelzen
3,DE93B,Verden
3,DE941,"Delmenhorst, Kreisfreie Stadt"
3,DE942,"Emden, Kreisfreie Stadt"
3,DE943,"Oldenburg (Oldenburg), Kreisfreie Stadt"
3,DE944,"Osnabrück, Kreisfreie Stadt"
3,DE945,"Wilhelmshaven, Kreisfreie Stadt"
3,DE946,Ammerland
3,DE947,Aurich
3,DE948,Cloppenburg
3,DE949,Emsland
3,DE94A,Friesland (DE)
3,DE94B,Grafschaft Bentheim
3,DE94C,Leer
3,DE94D,"Oldenburg, Landkreis"
3,DE94E,"Osnabrück, Landkreis"
3,DE94F,Vechta
3,DE94G,Wesermarsch
3,DE94H,Wittmund
3,DEA11,"Düsseldorf, Kreisfreie Stadt"
3,DEA12,"Duisburg, Kreisfreie Stadt"
3,DEA13,"Essen, Kreisfreie Stadt"
3,DEA14,"Krefeld, Kreisfreie Stadt"
3,DEA15,"Mönchengladbach, Kreisfreie Stadt"
3,DEA16,"Mülheim an der Ruhr, Kreisfreie Stadt"
3,DEA17,"Oberhausen, Kreisfreie Stadt"
3,DEA18,"Remscheid, Kreisfreie Stadt"
3,DEA19,"Solingen, Kreisfreie Stadt"
3,DEA1A,"Wuppertal, Kreisfreie Stadt"
3,DEA1B,Kleve
3,DEA1C,Mettmann
3,DEA1D,Rhein-Kreis Neuss
3,DEA1E,Viersen
3,DEA1F,Wesel
3,DEA22,"Bonn, Kreisfreie Stadt"
3,DEA23,"Köln, Kreisfreie Stadt"
3,DEA24,"Leverkusen, Kreisfreie Stadt"
3,DEA26,Düren
3,DEA27,Rhein-Erft-Kreis
3,DEA28,Euskirchen
3,DEA29,Heinsberg
3,DEA2A,Oberbergischer Kreis
3,DEA2B,Rheinisch-Bergischer Kreis
3,DEA2C,Rhein-Sieg-Kreis
3,DEA2D,Städteregion Aachen
3,DEA31,"Bottrop, Kreisfreie Stadt"
3,DEA32,"Gelsenkirchen, Kreisfreie Stadt"
3,DEA33,"Münster, Kreisfreie Stadt"
3,DEA34,Borken
3,DEA35,Coesfeld
3,DEA36,Recklinghausen
3,DEA37,Steinfurt
3,DEA38,Warendorf
3,DEA41,"Bielefeld, Kreisfreie Stadt"
3,DEA42,Gütersloh
3,DEA43,Herford
3,DEA44,Höxter
3,DEA45,Lippe
3,DEA46,Minden-Lübbecke
3,DEA47,Paderborn
3,DEA51,"Bochum, Kreisfreie Stadt"
3,DEA52,"Dortmund, Kreisfreie Stadt"
3,DEA53,"Hagen, Kreisfreie Stadt"
3,DEA54,"Hamm, Kreisfreie Stadt"
3,DEA55,"Herne, Kreisfreie Stadt"
3,DEA56,Ennepe-Ruhr-Kreis
3,DEA57,Hochsauerlandkreis
3,DEA58,Märkischer Kreis
3,DEA59,Olpe
3,DEA5A,Siegen-Wittgenstein
3,DEA5B,Soest
3,DE213,"Rosenheim, Kreisfreie Stadt"
3,DE214,Altötting
3,DE215,Berchtesgadener Land
3,DE216,Bad Tölz-Wolfratshausen
3,DE217,Dachau
3,DE218,Ebersberg
3,DE219,Eichstätt
3,DE21A,Erding
3,DE21B,Freising
3,DE21C,Fürstenfeldbruck
3,DE21D,Garmisch-Partenkirchen
3,DE21E,Landsberg am Lech
3,DE21F,Miesbach
3,DE21G,Mühldorf a. Inn
3,DE21H,"München, Landkreis"
3,DE21I,Neuburg-Schrobenhausen
3,DE21J,Pfaffenhofen a. d. Ilm
3,DE21K,"Rosenheim, Landkreis"
3,DE21L,Starnberg
3,DE21M,Traunstein
3,DE21N,Weilheim-Schongau
3,DE221,"Landshut, Kreisfreie Stadt"
3,DE222,"Passau, Kreisfreie Stadt"
3,DE223,"Straubing, Kreisfreie Stadt"
3,DE224,Deggendorf
3,DE225,Freyung-Grafenau
3,DE226,Kelheim
3,DE227,"Landshut, Landkreis"
3,DE228,"Passau, Landkreis"
3,DE229,Regen
3,DE22A,Rottal-Inn
3,DE22B,Straubing-Bogen
3,DE22C,Dingolfing-Landau
3,DE231,"Amberg, Kreisfreie Stadt"
3,DE232,"Regensburg, Kreisfreie Stadt"
3,DE233,"Weiden i. d. Opf, Kreisfreie Stadt"
3,DE234,Amberg-Sulzbach
3,DE235,Cham
3,DE236,Neumarkt i. d. OPf.
3,DE237,Neustadt a. d. Waldnaab
3,FRD11,Calvados
3,FRD12,Manche
3,FRD13,Orne
3,FRD21,Eure
3,FRD22,Seine-Maritime
3,FRE11,Nord
3,FRE12,Pas-de-Calais
3,FRE21,Aisne
3,FRE22,Oise
3,FRE23,Somme
3,FRF11,Bas-Rhin
3,FRF12,Haut-Rhin
3,FRF21,Ardennes
3,FRF22,Aube
3,FRF23,Marne
3,FRF24,Haute-Marne
3,FRF31,Meurthe-et-Moselle
3,FRF32,Meuse
3,FRF33,Moselle
3,FRF34,Vosges
3,FRG01,Loire-Atlantique
3,FRG02,Maine-et-Loire
3,FRG03,Mayenne
3,FRG04,Sarthe
3,FRG05,Vendée
3,FRH01,Côtes-d’Armor
3,FRH02,Finistère
3,FRH03,Ille-et-Vilaine
3,FRH04,Morbihan
3,FRI11,Dordogne
3,FRI12,Gironde
3,FRI13,Landes
3,FRI14,Lot-et-Garonne
3,FRI15,Pyrénées-Atlantiques
3,FRI21,Corrèze
3,FRI22,Creuse
3,FRI23,Haute-Vienne
3,FRI31,Charente
3,FRI32,Charente-Maritime
3,FRI33,Deux-Sèvres
3,FRI34,Vienne
3,FRJ11,Aude
3,FRJ12,Gard
3,FRJ13,Hérault
3,FRJ14,Lozère
3,FRJ15,Pyrénées-Orientales
3,FRJ21,Ariège
3,FRJ22,Aveyron
3,FRJ23,Haute-Garonne
3,FRJ24,Gers
3,FRJ25,Lot
3,FRJ26,Hautes-Pyrénées
3,FRJ27,Tarn
3,FRJ28,Tarn-et-Garonne
3,FRK11,Allier
3,FRK12,Cantal
3,FRK13,Haute-Loire
3,FRK14,Puy-de-Dôme
3,FRK21,Ain
3,FRK22,Ardèche
3,FRK23,Drôme
3,FRK24,Isère
3,FRK25,Loire
3,FRK26,Rhône
3,FRK27,Savoie
3,FRK28,Haute-Savoie
3,FRL01,Alpes-de-Haute-Provence
3,FRL02,Hautes-Alpes
3,FRL03,Alpes-Maritimes
3,FRL04,Bouches-du-Rhône
3,FRL05,Var
3,FRL06,Vaucluse
3,FRM01,Corse-du-Sud
3,FRM02,Haute-Corse
3,FRY10,Guadeloupe
3,FRY20,Martinique
3,DEG03,"Jena, Kreisfreie Stadt"
3,DEG05,"Weimar, Kreisfreie Stadt"
3,DEG06,Eichsfeld
3,DEG07,Nordhausen
3,DEG09,Unstrut-Hainich-Kreis
3,DEG0A,Kyffhäuserkreis
3,DEG0C,Gotha
3,DEG0D,Sömmerda
3,DEG0E,Hildburghausen
3,DEG0G,Weimarer Land
3,DEG0J,Saale-Holzland-Kreis
3,DEG0K,Saale-Orla-Kreis
3,DEG0L,Greiz
3,DEG0M,Altenburger Land
3,DEG0Q,Schmalkalden-Meiningen
3,DEG0R,Wartburgkreis
3,DEG0S,"Suhl, Kreisfreie Stadt"
3,DEG0T,Ilm-Kreis
3,DEG0U,Saalfeld-Rudolstadt
3,DEG0V,Sonneberg
3,DK011,Byen København
3,DK012,Københavns omegn
3,DK013,Nordsjælland
3,DK014,Bornholm
3,DK021,Østsjælland
3,DK022,Vest- og Sydsjælland
3,DK031,Fyn
3,DK032,Sydjylland
3,DK041,Vestjylland
3,DK042,Østjylland
3,DK050,Nordjylland
3,EE001,Põhja-Eesti
3,EE004,Lääne-Eesti
3,EE008,Lõuna-Eesti
3,EE009,Kesk-Eesti
3,EE00A,Kirde-Eesti
3,EL301,Voreios Tomeas Athinon
3,EL302,Dytikos Tomeas Athinon
3,EL303,Kentrikos Tomeas Athinon
3,EL304,Notios Tomeas Athinon
3,EL305,Anatoliki Attiki
3,EL306,Dytiki Attiki
3,EL307,"Peiraias, Nisoi"
3,EL411,"Lesvos, Limnos"
3,EL412,"Ikaria, Samos"
3,EL413,Chios
3,EL421,"Kalymnos, Karpathos – Iroiki Nisos Kasos, Kos, Rodos"
3,EL422,"Andros, Thira, Kea, Milos, Mykonos, Naxos, Paros, Syros, Tinos"
3,EL431,Irakleio
3,EL432,Lasithi
3,EL433,Rethymni
3,EL434,Chania
3,EL511,Evros
3,EL512,Xanthi
3,EL513,Rodopi
3,EL514,Drama
3,EL515,"Thasos, Kavala"
3,EL521,Imathia
3,EL522,Thessaloniki
3,EL523,Kilkis
3,EL524,Pella
3,EL525,Pieria
3,EL526,Serres
3,EL527,Chalkidiki
3,EL531,"Grevena, Kozani"
3,EL532,Kastoria
3,EL533,Florina
3,EL541,"Arta, Preveza"
3,EL542,Thesprotia
3,EL543,Ioannina
3,EL611,"Karditsa, Trikala"
3,EL612,Larisa
3,EL613,"Magnisia, Sporades"
3,EL621,Zakynthos
3,EL622,Kerkyra
3,EL623,"Ithaki, Kefallinia"
3,EL624,Lefkada
3,EL631,Aitoloakarnania
3,EL632,Achaia
3,EL633,Ileia
3,EL641,Voiotia
3,EL642,Evvoia
3,EL643,Evrytania
3,EL644,Fthiotida
3,EL645,Fokida
3,EL651,"Argolida, Arkadia"
3,EL652,Korinthia
3,EL653,"Lakonia, Messinia"
3,ES111,A Coruña
3,ES112,Lugo
3,ES113,Ourense
3,ES114,Pontevedra
3,ES120,Asturias
3,ES130,Cantabria
3,ES211,Araba/Álava
3,ES212,Gipuzkoa
3,ES213,Bizkaia
3,ES220,Navarra
3,ES230,La Rioja
3,ES241,Huesca
3,ES242,Teruel
3,ES243,Zaragoza
3,ES300,Madrid
3,ES411,Ávila
3,ES412,Burgos
3,ES413,León
3,ES414,Palencia
3,ES415,Salamanca
3,ES416,Segovia
3,ES417,Soria
3,ES418,Valladolid
3,ES419,Zamora
3,ES421,Albacete
3,ES422,Ciudad Real
3,ES423,Cuenca
3,ES424,Guadalajara
3,ES425,Toledo
3,ES431,Badajoz
3,ES432,Cáceres
3,ES511,Barcelona
3,ES512,Girona
3,ES513,Lleida
3,ES514,Tarragona
3,ES521,Alicante/Alacant
3,ES522,Castellón/Castelló
3,ES523,Valencia/València
3,ES531,Eivissa y Formentera
3,ES532,Mallorca
3,ES533,Menorca
3,ES611,Almería
3,ES612,Cádiz
3,ES613,Córdoba
3,ES614,Granada
3,ES615,Huelva
3,ES616,Jaén
3,ES617,Málaga
3,ES618,Sevilla
3,ES620,Murcia
3,ES630,Ceuta
3,ES640,Melilla
3,ES703,El Hierro
3,ES704,Fuerteventura
3,ES705,Gran Canaria
3,ES706,La Gomera
3,ES707,La Palma
3,ES708,Lanzarote
3,ES709,Tenerife
3,FI196,Satakunta
3,FI198,Keski-Suomi
3,FI199,Etelä-Pohjanmaa
3,FI19A,Pohjanmaa
3,FI19B,Pirkanmaa
3,FI1B1,Helsinki-Uusimaa
3,FI1C1,Varsinais-Suomi
3,FI1C2,Kanta-Häme
3,FI1C5,Etelä-Karjala
3,FI1C6,Päijät-Häme
3,FI1C7,Kymenlaakso
3,FI1D5,Keski-Pohjanmaa
3,FI1D7,Lappi
3,FI1D8,Kainuu
3,FI1D9,Pohjois-Pohjanmaa
3,FI1DA,Etelä-Savo
3,FI1DB,Pohjois-Savo
3,FI1DC,Pohjois-Karjala
3,FI200,Åland
3,FR101,Paris
3,FR102,Seine-et-Marne
3,FR103,Yvelines
3,FR104,Essonne
3,FR105,Hauts-de-Seine
3,FR106,Seine-Saint-Denis
3,FR107,Val-de-Marne
3,FR108,Val-d'Oise
3,FRB01,Cher
3,FRB02,Eure-et-Loir
3,FRB03,Indre
3,FRB04,Indre-et-Loire
3,FRB05,Loir-et-Cher
3,FRB06,Loiret
3,FRC11,Côte-d’Or
3,FRC12,Nièvre
3,FRC13,Saône-et-Loire
3,FRC14,Yonne
3,FRC21,Doubs
3,FRC22,Jura
3,FRC23,Haute-Saône
3,FRC24,Territoire de Belfort
3,HU313,Nógrád
3,HU321,Hajdú-Bihar
3,HU322,Jász-Nagykun-Szolnok
3,HU323,Szabolcs-Szatmár-Bereg
3,HU331,Bács-Kiskun
3,HU332,Békés
3,HU333,Csongrád-Csanád
3,IE041,Border
3,IE042,West
3,IE051,Mid-West
3,IE052,South-East
3,IE053,South-West
3,IE061,Dublin
3,IE062,Mid-East
3,IE063,Midland
3,IS001,Höfuðborgarsvæði
3,IS002,Landsbyggð
3,ITC11,Torino
3,ITC12,Vercelli
3,ITC13,Biella
3,ITC14,Verbano-Cusio-Ossola
3,ITC15,Novara
3,ITC16,Cuneo
3,ITC17,Asti
3,ITC18,Alessandria
3,ITC20,Valle d’Aosta/Vallée d’Aoste
3,ITC31,Imperia
3,ITC32,Savona
3,ITC33,Genova
3,ITC34,La Spezia
3,ITC41,Varese
3,ITC42,Como
3,ITC43,Lecco
3,ITC44,Sondrio
3,ITC46,Bergamo
3,ITC47,Brescia
3,ITC48,Pavia
3,ITC49,Lodi
3,NL415,Midden-Noord-Brabant
3,NL416,Noordoost-Noord-Brabant
3,NL421,Noord-Limburg
3,NL422,Midden-Limburg
3,NL423,Zuid-Limburg
3,NO020,Innlandet
3,NO060,Trøndelag/Trööndelage
3,NO071,Nordland/Nordlánnda
3,NO072,Troms/Romsa/Tromssa
3,NO073,Finnmark/Finnmárku/Finmarkku
3,NO081,Oslo
3,NO083,Østfold
3,NO084,Akershus
3,NO085,Buskerud
3,NO092,Agder
3,NO093,Vestfold
3,NO094,Telemark
3,NO0A1,Rogaland
3,NO0A2,Vestland
3,NO0A3,Møre og Romsdal
3,NO0B1,Jan Mayen
3,NO0B2,Svalbard
3,PL213,Miasto Kraków
3,PL214,Krakowski
3,PL217,Tarnowski
3,PL218,Nowosądecki
3,PL219,Nowotarski
3,PL21A,Oświęcimski
3,PL224,Częstochowski
3,PL225,Bielski
3,PL227,Rybnicki
3,PL228,Bytomski
3,PL229,Gliwicki
3,PL22A,Katowicki
3,PL22B,Sosnowiecki
3,PL22C,Tyski
3,PL411,Pilski
3,PL414,Koniński
3,PL415,Miasto Poznań
3,PL416,Kaliski
3,PL417,Leszczyński
3,PL418,Poznański
3,PL424,Miasto Szczecin
3,PL426,Koszaliński
3,PL427,Szczecinecko-pyrzycki
3,PL428,Szczeciński
3,PL431,Gorzowski
3,PL432,Zielonogórski
3,PL514,Miasto Wrocław
3,PL515,Jeleniogórski
3,PL516,Legnicko-głogowski
3,PL517,Wałbrzyski
3,PL518,Wrocławski
3,PL523,Nyski
3,PL524,Opolski
3,PL613,Bydgosko-toruński
3,PL616,Grudziądzki
3,PL617,Inowrocławski
3,PL618,Świecki
3,PL619,Włocławski
3,PL621,Elbląski
3,PL622,Olsztyński
3,PL623,Ełcki
3,PL633,Trójmiejski
3,PL634,Gdański
3,PL636,Słupski
3,PL637,Chojnicki
3,PL638,Starogardzki
3,PL711,Miasto Łódź
3,PL712,Łódzki
3,ITC4A,Cremona
3,ITC4B,Mantova
3,ITC4C,Milano
3,ITC4D,Monza e della Brianza
3,ITF11,L’Aquila
3,ITF12,Teramo
3,ITF13,Pescara
3,ITF14,Chieti
3,ITF21,Isernia
3,ITF22,Campobasso
3,ITF31,Caserta
3,ITF32,Benevento
3,ITF33,Napoli
3,ITF34,Avellino
3,ITF35,Salerno
3,ITF43,Taranto
3,ITF44,Brindisi
3,ITF45,Lecce
3,ITF46,Foggia
3,ITF47,Bari
3,ITF48,Barletta-Andria-Trani
3,ITF51,Potenza
3,ITF52,Matera
3,ITF61,Cosenza
3,ITF62,Crotone
3,ITF63,Catanzaro
3,ITF64,Vibo Valentia
3,ITF65,Reggio Calabria
3,ITG11,Trapani
3,ITG12,Palermo
3,ITG13,Messina
3,ITG14,Agrigento
3,ITG15,Caltanissetta
3,ITG16,Enna
3,ITG17,Catania
3,ITG18,Ragusa
3,ITG19,Siracusa
3,ITG2D,Sassari
3,ITG2E,Nuoro
3,ITG2F,Cagliari
3,ITG2G,Oristano
3,ITG2H,Sud Sardegna
3,ITH10,Bolzano-Bozen
3,ITH20,Trento
3,ITH31,Verona
3,ITH32,Vicenza
3,ITH33,Belluno
3,ITH34,Treviso
3,ITH35,Venezia
3,ITH36,Padova
3,ITH37,Rovigo
3,ITH41,Pordenone
3,ITH42,Udine
3,ITH43,Gorizia
3,ITH44,Trieste
3,ITH51,Piacenza
3,ITH52,Parma
3,ITH53,Reggio nell’Emilia
3,ITH54,Modena
3,ITH55,Bologna
3,ITH56,Ferrara
3,ITH57,Ravenna
3,ITH58,Forlì-Cesena
3,ITH59,Rimini
3,ITI11,Massa-Carrara
3,ITI12,Lucca
3,ITI13,Pistoia
3,ITI14,Firenze
3,ITI15,Prato
3,ITI16,Livorno
3,ITI17,Pisa
3,ITI18,Arezzo
3,ITI19,Siena
3,ITI1A,Grosseto
3,ITI21,Perugia
3,ITI22,Terni
3,ITI31,Pesaro e Urbino
3,ITI32,Ancona
3,ITI33,Macerata
3,ITI34,Ascoli Piceno
3,ITI35,Fermo
3,ITI41,Viterbo
3,ITI42,Rieti
3,ITI43,Roma
3,ITI44,Latina
3,ITI45,Frosinone
3,LI000,Liechtenstein
3,LT011,Vilniaus apskritis
3,LT021,Alytaus apskritis
3,LT022,Kauno apskritis
3,LT023,Klaipėdos apskritis
3,LT024,Marijampolės apskritis
3,LT025,Panevėžio apskritis
3,LT026,Šiaulių apskritis
3,LT027,Tauragės apskritis
3,LT028,Telšių apskritis
3,LT029,Utenos apskritis
3,LU000,Luxembourg
3,LV005,Latgale
3,LV009,Zemgale
3,LV00A,Rīga
3,LV00B,Kurzeme
3,LV00C,Vidzeme
3,ME000,Crna Gora
3,MK001,Vardarski
3,MK002,Istočen
3,MK003,Jugozapaden
3,MK004,Jugoistočen
3,MK005,Pelagoniski
3,MK006,Pološki
3,MK007,Severoistočen
3,MK008,Skopski
3,MT001,Malta
3,MT002,Gozo and Comino/Għawdex u Kemmuna
3,NL112,Delfzijl en omgeving
3,NL114,Oost-Groningen
3,NL115,Overig Groningen
3,NL126,Zuidoost-Friesland
3,NL127,Noord-Friesland
3,NL128,Zuidwest-Friesland
3,NL131,Noord-Drenthe
3,NL132,Zuidoost-Drenthe
3,NL133,Zuidwest-Drenthe
3,NL211,Noord-Overijssel
3,NL212,Zuidwest-Overijssel
3,NL213,Twente
3,NL221,Veluwe
3,NL224,Zuidwest-Gelderland
3,NL225,Achterhoek
3,NL226,Arnhem/Nijmegen
3,NL230,Flevoland
3,NL321,Kop van Noord-Holland
3,NL323,IJmond
3,NL325,Zaanstreek
3,NL327,Het Gooi en Vechtstreek
3,NL328,Alkmaar en omgeving
3,NL32A,Agglomeratie Haarlem
3,NL32B,Groot-Amsterdam
3,NL341,Zeeuwsch-Vlaanderen
3,NL342,Overig Zeeland
3,NL350,Utrecht
3,NL361,Agglomeratie ’s-Gravenhage
3,NL362,Delft en Westland
3,NL363,Agglomeratie Leiden en Bollenstreek
3,NL364,Zuidoost-Zuid-Holland
3,NL365,Oost-Zuid-Holland
3,NL366,Groot-Rijnmond
3,NL411,West-Noord-Brabant
3,NL414,Zuidoost-Noord-Brabant
3,FRY30,Guyane
3,FRY40,La Réunion
3,FRY50,Mayotte
3,HR021,Bjelovarsko-bilogorska županija
3,HR022,Virovitičko-podravska županija
3,HR023,Požeško-slavonska županija
3,HR024,Brodsko-posavska županija
3,HR025,Osječko-baranjska županija
3,HR026,Vukovarsko-srijemska županija
3,HR027,Karlovačka županija
3,HR028,Sisačko-moslavačka županija
3,HR031,Primorsko-goranska županija
3,HR032,Ličko-senjska županija
3,HR033,Zadarska županija
3,HR034,Šibensko-kninska županija
3,HR035,Splitsko-dalmatinska županija
3,HR036,Istarska županija
3,HR037,Dubrovačko-neretvanska županija
3,HR050,Grad Zagreb
3,HR061,Međimurska županija
3,HR062,Varaždinska županija
3,HR063,Koprivničko-križevačka županija
3,HR064,Krapinsko-zagorska županija
3,HR065,Zagrebačka županija
3,HU110,Budapest
3,HU120,Pest
3,HU211,Fejér
3,HU212,Komárom-Esztergom
3,HU213,Veszprém
3,HU221,Győr-Moson-Sopron
3,HU222,Vas
3,HU223,Zala
3,HU231,Baranya
3,HU232,Somogy
3,HU233,Tolna
3,HU311,Borsod-Abaúj-Zemplén
3,HU312,Heves
3,TR412,Eskişehir
3,TR413,Bilecik
3,TR421,Kocaeli
3,TR422,Sakarya
3,TR423,Düzce
3,TR424,Bolu
3,TR425,Yalova
3,TR510,Ankara
3,TR521,Konya
3,TR522,Karaman
3,TR611,Antalya
3,TR612,Isparta
3,TR613,Burdur
3,TR621,Adana
3,TR622,Mersin
3,TR631,Hatay
3,TR632,Kahramanmaraş
3,TR633,Osmaniye
3,TR711,Kırıkkale
3,TR712,Aksaray
3,TR713,Niğde
3,TR714,Nevşehir
3,TR715,Kırşehir
3,TR721,Kayseri
3,TR722,Sivas
3,TR723,Yozgat
3,TR811,Zonguldak
3,TR812,Karabük
3,TR813,Bartın
3,TR821,Kastamonu
3,TR822,Çankırı
3,TR823,Sinop
3,TR831,Samsun
3,TR832,Tokat
3,TR833,Çorum
3,TR834,Amasya
3,TR901,Trabzon
3,TR902,Ordu
3,TR903,Giresun
3,TR904,Rize
3,TR905,Artvin
3,TR906,Gümüşhane
3,TRA11,Erzurum
3,TRA12,Erzincan
3,TRA13,Bayburt
3,TRA21,Ağrı
3,TRA22,Kars
3,TRA23,Iğdır
3,TRA24,Ardahan
3,TRB11,Malatya
3,TRB12,Elazığ
3,TRB13,Bingöl
3,TRB14,Tunceli
3,TRB21,Van
3,TRB22,Muş
3,TRB23,Bitlis
3,TRB24,Hakkari
3,TRC11,Gaziantep
3,TRC12,Adıyaman
3,TRC13,Kilis
3,TRC21,Şanlıurfa
3,TRC22,Diyarbakır
3,TRC31,Mardin
3,TRC32,Batman
3,TRC33,Şırnak
3,TRC34,Siirt
3,PL713,Piotrkowski
3,PL714,Sieradzki
3,PL715,Skierniewicki
3,PL721,Kielecki
3,PL722,Sandomiersko-jędrzejowski
3,PL811,Bialski
3,PL812,Chełmsko-zamojski
3,PL814,Lubelski
3,PL815,Puławski
3,PL821,Krośnieński
3,PL822,Przemyski
3,PL823,Rzeszowski
3,PL824,Tarnobrzeski
3,PL841,Białostocki
3,PL842,Łomżyński
3,PL843,Suwalski
3,PL911,Miasto Warszawa
3,PL912,Warszawski wschodni
3,PL913,Warszawski zachodni
3,PL921,Radomski
3,PL922,Ciechanowski
3,PL923,Płocki
3,PL924,Ostrołęcki
3,PL925,Siedlecki
3,PL926,Żyrardowski
3,PT111,Alto Minho
3,PT112,Cávado
3,PT119,Ave
3,PT11A,Área Metropolitana do Porto
3,PT11B,Alto Tâmega e Barroso
3,PT11C,Tâmega e Sousa
3,PT11D,Douro
3,PT11E,Terras de Trás-os-Montes
3,PT150,Algarve
3,PT191,Região de Aveiro
3,PT192,Região de Coimbra
3,PT193,Região de Leiria
3,PT194,Viseu Dão Lafões
3,PT195,Beira Baixa
3,PT196,Beiras e Serra da Estrela
3,PT1A0,Grande Lisboa
3,PT1B0,Península de Setúbal
3,PT1C1,Alentejo Litoral
3,PT1C2,Baixo Alentejo
3,PT1C3,Alto Alentejo
3,PT1C4,Alentejo Central
3,PT1D1,Oeste
3,PT1D2,Médio Tejo
3,PT1D3,Lezíria do Tejo
3,PT200,Região Autónoma dos Açores
3,PT300,Região Autónoma da Madeira
3,RO111,Bihor
3,RO112,Bistriţa-Năsăud
3,RO113,Cluj
3,RO114,Maramureş
3,RO115,Satu Mare
3,RO116,Sălaj
3,RO121,Alba
3,RO122,Braşov
3,RO123,Covasna
3,RO124,Harghita
3,RO125,Mureş
3,RO126,Sibiu
3,RO211,Bacău
3,RO212,Botoşani
3,RO213,Iaşi
3,RO214,Neamţ
3,RO215,Suceava
3,RO216,Vaslui
3,RO221,Brăila
3,RO222,Buzău
3,RO223,Constanţa
3,RO224,Galaţi
3,RO225,Tulcea
3,RO226,Vrancea
3,RO311,Argeş
3,RO312,Călăraşi
3,RO313,Dâmboviţa
3,RO314,Giurgiu
3,RO315,Ialomiţa
3,RO316,Prahova
3,RO317,Teleorman
3,RO321,Bucureşti
3,RO322,Ilfov
3,RO411,Dolj
3,RO412,Gorj
3,RO413,Mehedinţi
3,RO414,Olt
3,RO415,Vâlcea
3,RO421,Arad
3,RO422,Caraş-Severin
3,RO423,Hunedoara
3,RO424,Timiş
3,RS110,Beogradska oblast
3,RS121,Zapadnobacka oblast
3,RS122,Juznobanatska oblast
3,RS123,Juznobacka oblast
3,RS124,Severnobanatska oblast
3,RS125,Severnobacka oblast
3,RS126,Srednjobanatska oblast
3,RS127,Sremska oblast
3,RS211,Zlatiborska oblast
3,RS212,Kolubarska oblast
3,RS213,Macvanska oblast
3,RS214,Moravicka oblast
3,RS215,Pomoravska oblast
3,RS216,Rasinska oblast
3,RS217,Raska oblast
3,RS218,Sumadijska oblast
3,RS221,Borska oblast
3,RS222,Branicevska oblast
3,RS223,Zajecarska oblast
3,RS224,Jablanicka oblast
3,RS225,Nisavska oblast
3,RS226,Pirotska oblast
3,RS227,Podunavska oblast
3,RS228,Pcinjska oblast
3,RS229,Toplicka oblast
3,SE110,Stockholms län
3,SE121,Uppsala län
3,SE122,Södermanlands län
3,SE123,Östergötlands län
3,SE124,Örebro län
3,SE125,Västmanlands län
3,SE211,Jönköpings län
3,SE212,Kronobergs län
3,SE213,Kalmar län
3,SE214,Gotlands län
3,SE221,Blekinge län
3,SE224,Skåne län
3,SE231,Hallands län
3,SE232,Västra Götalands län
3,SE311,Värmlands län
3,SE312,Dalarnas län
3,SE313,Gävleborgs län
3,SE321,Västernorrlands län
3,SE322,Jämtlands län
3,SE331,Västerbottens län
3,SE332,Norrbottens län
3,SI031,Pomurska
3,SI032,Podravska
3,SI033,Koroška
3,SI034,Savinjska
3,SI035,Zasavska
3,SI036,Posavska
3,SI037,Jugovzhodna Slovenija
3,SI038,Primorsko-notranjska
3,SI041,Osrednjeslovenska
3,SI042,Gorenjska
3,SI043,Goriška
3,SI044,Obalno-kraška
3,SK010,Bratislavský kraj
3,SK021,Trnavský kraj
3,SK022,Trenčiansky kraj
3,SK023,Nitriansky kraj
3,SK031,Žilinský kraj
3,SK032,Banskobystrický kraj
3,SK041,Prešovský kraj
3,SK042,Košický kraj
3,TR100,İstanbul
3,TR211,Tekirdağ
3,TR212,Edirne
3,TR213,Kırklareli
3,TR221,Balıkesir
3,TR222,Çanakkale
3,TR310,İzmir
3,TR321,Aydın
3,TR322,Denizli
3,TR323,Muğla
3,TR331,Manisa
3,TR332,Afyonkarahisar
3,TR333,Kütahya
3,TR334,Uşak
3,TR411,Bursa
3,XK001,Prishtinë/Priština
3,XK002,Mitrovicë/Mitrovica
3,XK003,Pejë/Peć
3,XK004,Prizren/Prizren
3,XK005,Ferizaj/Uroševac
3,XK006,Gjilan/Gnjilane
3,XK007,Gjakovë/Đakovica
EU27_2020,EU27_2020,27 countries, post-Brexit
EU28,EU28,28 countries, pre-Brexit
EA19,EA19,Euro Area (19 countries)
EA20,EA20,Euro Area (20 countries, from 2023)
EU15,EU15,EU before 2004 enlargement
EU13,EU13,Countries joined EU in/after 2004
EU25,EU25,EU before Bulgaria and Romania joined
EU_NMS,EU_NMS,New Member States (2004+)
EFTA,EFTA,European Free Trade Association
EEA,EEA,European Economic Area
